sample,fileName,Location,Depth..ft.,Lat,Long,Notes,Species,Condition..P.PALE..PB.PARTIALLY.BLEACHED..H.HEALTHY..B.BLEACHED.,Tag.Number,Date,Time,EKT.Bag.Number,faveolata
FLK-192,73.ACCA,UKI3,8,24.94282,80.55396,,OFAV,P,3903,9/24/15,2:32,192,TRUE
FLK-191,73.AGAC,UKI3,8,24.94282,80.55396,,OFAV,H,3979,9/24/15,2:32,191,TRUE
FLK-193,73.AGTG,UKI3,8,24.94282,80.55396,,OFAV,P,3684,9/24/15,2:32,193,TRUE
FLK-194,73.CATC,UKI3,8,24.94282,80.55396,,OFAV,P,3904,9/24/15,2:32,194,TRUE
FLK-198,73.CTAC,UKI3,13,24.94282,80.55396,,OFAV,H,3996,9/24/15,2:32,198,TRUE
FLK-200,73.GACT,UKI3,14,24.94282,80.55396,,OFAV,H,3124,9/24/15,2:32,200,TRUE
FLK-197,73.GCTT,UKI3,8,24.94282,80.55396,,OFAV,H,3962,9/24/15,2:32,197,TRUE
FLK-195,73.GTGA,UKI3,10,24.94282,80.55396,,OFAV,H,3978,9/24/15,2:32,195,TRUE
FLK-190,73.GTGT,UKI3,15,24.94282,80.55396,,OFAV,H,3162,9/24/15,2:32,190,TRUE
FLK-200,73.TCAC,UKI3,14,24.94282,80.55396,,OFAV,H,3124,9/24/15,2:32,200,TRUE
FLK-196,73.TCAG,UKI3,10,24.94282,80.55396,,OFAV,H,3697,9/24/15,2:32,196,TRUE
FLK-199,73.TGTC,UKI3,14,24.94282,80.55396,,OFAV,H,3964,9/24/15,2:32,199,TRUE
FLK-3,79.ACCA,LKO1,13,24.52202,81.57709,AKA Maryland Shoals,OFAV,H,3143,9/21/15,10:25,3,TRUE
FLK-2,79.AGAC,LKO1,13,24.52202,81.57709,AKA Maryland Shoals,OFAV,H,3136,9/21/15,10:25,2,TRUE
FLK-4,79.AGTG,LKO1,15,24.52202,81.57709,AKA Maryland Shoals,OFAV,PB,3155,9/21/15,10:25,4,TRUE
FLK-5,79.CATC,LKO1,13,24.52202,81.57709,AKA Maryland Shoals,OFAV,H,3144,9/21/15,10:25,5,TRUE
FLK-9,79.CTAC,LKO1,14,24.52202,81.57709,AKA Maryland Shoals,OFAV,P,3122,9/21/15,10:25,9,FALSE
FLK-10,79.GACT,LKO1,12,24.52202,81.57709,AKA Maryland Shoals,OFAV,P,3133,9/21/15,10:25,10,FALSE
FLK-8,79.GCTT,LKO1,14,24.52202,81.57709,AKA Maryland Shoals,OFAV,PB,3200,9/21/15,10:25,8,TRUE
FLK-6,79.GTGA,LKO1,13,24.52202,81.57709,AKA Maryland Shoals,OFAV,H,3174,9/21/15,10:25,6,TRUE
FLK-1,79.GTGT,LKO1,12,24.52202,81.57709,AKA Maryland Shoals,OFAV,P,3137,9/21/15,10:25,1,TRUE
FLK-10,79.TCAC,LKO1,12,24.52202,81.57709,AKA Maryland Shoals,OFAV,P,3133,9/21/15,10:25,10,FALSE
FLK-7,79.TCAG,LKO1,14,24.52202,81.57709,AKA Maryland Shoals,OFAV,P,3192,9/21/15,10:25,7,TRUE
FLK-10,79.TGTC,LKO1,12,24.52202,81.57709,AKA Maryland Shoals,OFAV,P,3133,9/21/15,10:25,10,FALSE
FLK-13,80.ACCA,LKO1,15,24.52202,81.57709,AKA Maryland Shoals,OFAV,P,3180,9/21/15,10:25,13,TRUE
FLK-12,80.AGAC,LKO1,15,24.52202,81.57709,AKA Maryland Shoals,OFAV,B,3119,9/21/15,10:25,12,TRUE
FLK-14,80.AGTG,LKO1,15,24.52202,81.57709,AKA Maryland Shoals,OFAV,B,3169,9/21/15,10:25,14,TRUE
FLK-15,80.CATC,LKO1,15,24.52202,81.57709,AKA Maryland Shoals,OFAV,H,3168,9/21/15,10:25,15,TRUE
FLK-23,80.GACT,LKI1,8,24.58582,81.58263,AKA Jaap Reef,OFAV,B,3141,9/21/15,13:15,23,TRUE
FLK-18,80.GCTT,LKO1,13,24.52202,81.57709,AKA Maryland Shoals,OFAV,B,3115,9/21/15,10:25,18,TRUE
FLK-16,80.GTGA,LKO1,11,24.52202,81.57709,AKA Maryland Shoals,OFAV,B,3116,9/21/15,10:25,16,TRUE
FLK-11,80.GTGT,LKO1,16,24.52202,81.57709,AKA Maryland Shoals,OFAV,B,3121,9/21/15,10:25,11,TRUE
FLK-22,80.TCAC,LKI1,8,24.58582,81.58263,AKA Jaap Reef,OFAV,B,3102,9/21/15,13:15,22,TRUE
FLK-17,80.TCAG,LKO1,13,24.52202,81.57709,AKA Maryland Shoals,OFAV,PB,3170,9/21/15,10:25,17,TRUE
FLK-21,80.TGTC,LKI1,8,24.58582,81.58263,AKA Jaap Reef,OFAV,B,3186,9/21/15,13:15,21,TRUE
FLK-26,81.ACCA,LKI1,8,24.58582,81.58263,AKA Jaap Reef,OFAV,PB,3176,9/21/15,13:15,26,TRUE
FLK-25,81.AGAC,LKI1,8,24.58582,81.58263,AKA Jaap Reef,OFAV,B,3196,9/21/15,13:15,25,TRUE
FLK-27,81.AGTG,LKI1,8,24.58582,81.58263,AKA Jaap Reef,OFAV,B,3177,9/21/15,13:15,27,TRUE
FLK-28,81.CATC,LKI1,9,24.58582,81.58263,AKA Jaap Reef,OFAV,B,3183,9/21/15,13:15,28,TRUE
FLK-32,81.CTAC,LKI1,9,24.58582,81.58263,AKA Jaap Reef,OFAV,B,3197,9/21/15,13:15,32,TRUE
FLK-37,81.GACT,LKI1,9,24.58582,81.58263,AKA Jaap Reef,OFAV,B,3178,9/21/15,13:15,37,TRUE
FLK-31,81.GCTT,LKI1,9,24.58582,81.58263,AKA Jaap Reef,OFAV,B,3194,9/21/15,13:15,31,TRUE
FLK-29,81.GTGA,LKI1,9,24.58582,81.58263,AKA Jaap Reef,OFAV,B,3195,9/21/15,13:15,29,TRUE
FLK-24,81.GTGT,LKI1,8,24.58582,81.58263,AKA Jaap Reef,OFAV,B,3163,9/21/15,13:15,24,TRUE
FLK-35,81.TCAC,LKI1,9,24.58582,81.58263,AKA Jaap Reef,OFAV,PB,3198,9/21/15,13:15,35,TRUE
FLK-30,81.TCAG,LKI1,9,24.58582,81.58263,AKA Jaap Reef,OFAV,P,3184,9/21/15,13:15,30,TRUE
FLK-41,82.ACCA,LKO2,20,24.55326,81.43753,,OFAV,H,3125,9/21/15,15:10,41,TRUE
FLK-40,82.AGAC,LKI1,9,24.58582,81.58263,AKA Jaap Reef,OFAV,PB,3172,9/21/15,13:15,40,TRUE
FLK-42,82.AGTG,LKO2,21,24.55326,81.43753,,OFAV,TOP B/SIDE H,3181,9/21/15,15:10,42,TRUE
FLK-43,82.CATC,LKO2,21,24.55326,81.43753,,OFAV,TOP B/SIDE PB,3187,9/21/15,15:10,43,TRUE
FLK-47,82.CTAC,LKO2,21,24.55326,81.43753,,OFAV,H,3189,9/21/15,15:10,47,TRUE
FLK-50,82.GACT,LKO2,20,24.55326,81.43753,,OFAV,H,3956,9/21/15,15:10,50,TRUE
FLK-46,82.GCTT,LKO2,21,24.55326,81.43753,,OFAV,P,3160,9/21/15,15:10,46,FALSE
FLK-44,82.GTGA,LKO2,22,24.55326,81.43753,,OFAV,TOP B,3175,9/21/15,15:10,44,TRUE
FLK-38,82.GTGT,LKI1,9,24.58582,81.58263,AKA Jaap Reef,OFAV,B,3171,9/21/15,13:15,38,TRUE
FLK-49,82.TCAC,LKO2,22,24.55326,81.43753,,OFAV,H/FEW PARTS B,3190,9/21/15,15:10,49,FALSE
FLK-45,82.TCAG,LKO2,20,24.55326,81.43753,,OFAV,B,3185,9/21/15,15:10,45,TRUE
FLK-48,82.TGTC,LKO2,20,24.55326,81.43753,,OFAV,PB,3103,9/21/15,15:10,48,TRUE
FLK-53,83.ACCA,LKO2,21,24.55326,81.43753,,OFAV,B,3925,9/21/15,15:10,53,TRUE
FLK-52,83.AGAC,LKO2,21,24.55326,81.43753,,OFAV,B,3173,9/21/15,15:10,52,TRUE
FLK-54,83.AGTG,LKO2,21,24.55326,81.43753,,OFAV,PB,3998,9/21/15,15:10,54,TRUE
FLK-55,83.CATC,LKO2,21,24.55326,81.43753,,OFAV,PB,3127,9/21/15,15:10,55,FALSE
FLK-59,83.CTAC,LKO2,23,24.55326,81.43753,,OFAV,PB,3695,9/21/15,15:10,59,TRUE
FLK-60,83.GACT,LKO2,21,24.55326,81.43753,,OFAV,B,3940,9/21/15,15:10,60,TRUE
FLK-58,83.GCTT,LKO2,22,24.55326,81.43753,,OFAV,B,3700,9/21/15,15:10,58,TRUE
FLK-56,83.GTGA,LKO2,21,24.55326,81.43753,,OFAV,H,3987,9/21/15,15:10,56,TRUE
FLK-51,83.GTGT,LKO2,21,24.55326,81.43753,,OFAV,H,3672,9/21/15,15:10,51,TRUE
FLK-60,83.TCAC,LKO2,21,24.55326,81.43753,,OFAV,B,3940,9/21/15,15:10,60,TRUE
FLK-57,83.TCAG,LKO2,22,24.55326,81.43753,,OFAV,PB,3951,9/21/15,15:10,57,TRUE
FLK-60,83.TGTC,LKO2,21,24.55326,81.43753,,OFAV,B,3940,9/21/15,15:10,60,TRUE
FLK-63,84.ACCA,LKI2,20,24.57899,81.49734,,OFAV,H,3994,9/22/15,12:00,63,TRUE
FLK-62,84.AGAC,LKI2,19,24.57899,81.49734,,OFAV,H,3953,9/22/15,12:00,62,TRUE
FLK-64,84.AGTG,LKI2,19,24.57899,81.49734,,OFAV,B,3914,9/22/15,12:00,64,TRUE
FLK-65,84.CATC,LKI2,19,24.57899,81.49734,,OFAV,H,3123,9/22/15,12:00,65,TRUE
FLK-69,84.CTAC,LKI2,21,24.57899,81.49734,,OFAV,H,3919,9/22/15,12:00,69,TRUE
FLK-72,84.GACT,LKI2,20,24.57899,81.49734,,OFAV,B,3690,9/22/15,12:00,72,TRUE
FLK-68,84.GCTT,LKI2,21,24.57899,81.49734,,OFAV,H,3153,9/22/15,12:00,68,TRUE
FLK-66,84.GTGA,LKI2,20,24.57899,81.49734,,OFAV,H,3926,9/22/15,12:00,66,TRUE
FLK-61,84.GTGT,LKI2,19,24.57899,81.49734,,OFAV,H,3912,9/22/15,12:00,61,TRUE
FLK-71,84.TCAC,LKI2,21,24.57899,81.49734,,OFAV,H,3973,9/22/15,12:00,71,TRUE
FLK-67,84.TCAG,LKI2,21,24.57899,81.49734,,OFAV,H,3929,9/22/15,12:00,67,TRUE
FLK-70,84.TGTC,LKI2,16,24.57899,81.49734,,OFAV,B,3947,9/22/15,12:00,70,TRUE
FLK-75,85.ACCA,LKI2,19,24.57899,81.49734,,OFAV,H,3159,9/22/15,12:00,75,TRUE
FLK-74,85.AGAC,LKI2,18,24.57899,81.49734,,OFAV,B,3997,9/22/15,12:00,74,TRUE
FLK-76,85.AGTG,LKI2,20,24.57899,81.49734,,OFAV,H,3167,9/22/15,12:00,76,FALSE
FLK-77,85.CATC,LKI2,13,24.57899,81.49734,,OFAV,PB,3937,9/22/15,12:00,77,TRUE
FLK-81,85.CTAC,UKI1,10,24.89742,80.61573,,OFAV,PB,3938,9/23/15,12:00,81,TRUE
FLK-84,85.GACT,UKI1,6,24.89742,80.61573,,OFAV,PB,3916,9/23/15,12:00,84,TRUE
FLK-80,85.GCTT,LKI2,18,24.57899,81.49734,,OFAV,PB,3982,9/22/15,12:00,80,TRUE
FLK-78,85.GTGA,LKI2,16,24.57899,81.49734,,OFAV,PB,3118,9/22/15,12:00,78,TRUE
FLK-73,85.GTGT,LKI2,20,24.57899,81.49734,,OFAV,H,3688,9/22/15,12:00,73,TRUE
FLK-83,85.TCAC,UKI1,8,24.89742,80.61573,,OFAV,PB,3682,9/23/15,12:00,83,TRUE
FLK-79,85.TCAG,LKI2,17,24.57899,81.49734,,OFAV,B,3692,9/22/15,12:00,79,TRUE
FLK-82,85.TGTC,UKI1,11,24.89742,80.61573,,OFAV,PB,3114,9/23/15,12:00,82,TRUE
FLK-87,86.ACCA,UKI1,11,24.89742,80.61573,,OFAV,H,3157,9/23/15,12:00,87,TRUE
FLK-86,86.AGAC,UKI1,11,24.89742,80.61573,,OFAV,PB,3104,9/23/15,12:00,86,TRUE
FLK-88,86.AGTG,UKI1,10,24.89742,80.61573,,OFAV,H,3145,9/23/15,12:00,88,TRUE
FLK-89,86.CATC,UKI1,10,24.89742,80.61573,,OFAV,PB,3199,9/23/15,12:00,89,TRUE
FLK-93,86.CTAC,UKI1,8,24.89742,80.61573,,OFAV,PB,3689,9/23/15,12:00,93,TRUE
FLK-96,86.GACT,UKI1,9,24.89742,80.61573,,OFAV,H,3678,9/23/15,12:00,96,TRUE
FLK-92,86.GCTT,UKI1,12,24.89742,80.61573,,OFAV,H,3913,9/23/15,12:00,92,TRUE
FLK-90,86.GTGA,UKI1,12,24.89742,80.61573,,OFAV,PB,3132,9/23/15,12:00,90,TRUE
FLK-85,86.GTGT,UKI1,9,24.89742,80.61573,,OFAV,PB,3671,9/23/15,12:00,85,TRUE
FLK-95,86.TCAC,UKI1,10,24.89742,80.61573,,OFAV,H,3924,9/23/15,12:00,95,TRUE
FLK-91,86.TCAG,UKI1,11,24.89742,80.61573,,OFAV,H,3687,9/23/15,12:00,91,TRUE
FLK-94,86.TGTC,UKI1,9,24.89742,80.61573,,OFAV,PB,3106,9/23/15,12:00,94,TRUE
FLK-99,87.ACCA,UKI1,9,24.89742,80.61573,,OFAV,H,3151,9/23/15,12:00,99,TRUE
FLK-98,87.AGAC,UKI1,9,24.89742,80.61573,,OFAV,PB,3670,9/23/15,12:00,98,TRUE
FLK-100,87.AGTG,UKI1,8,24.89742,80.61573,,OFAV,PB,3950,9/23/15,12:00,100,TRUE
FLK-101,87.CATC,UKO1,40,24.9025,80.53104,,OFAV,PB,3928,9/23/15,14:42,101,TRUE
FLK-105,87.CTAC,UKO1,42,24.9025,80.53104,,OFAV,P,3166,9/23/15,14:42,105,TRUE
FLK-108,87.GACT,UKO1,43,24.9025,80.53104,,OFAV,P,3945,9/23/15,14:42,108,TRUE
FLK-104,87.GCTT,UKO1,42,24.9025,80.53104,,OFAV,PB,3699,9/23/15,14:42,104,TRUE
FLK-102,87.GTGA,UKO1,41,24.9025,80.53104,,OFAV,P,3952,9/23/15,14:42,102,FALSE
FLK-97,87.GTGT,UKI1,9,24.89742,80.61573,,OFAV,PB,3939,9/23/15,12:00,97,TRUE
FLK-107,87.TCAC,UKO1,43,24.9025,80.53104,,OFAV,P,3677,9/23/15,14:42,107,TRUE
FLK-103,87.TCAG,UKO1,41,24.9025,80.53104,,OFAV,H,3693,9/23/15,14:42,103,TRUE
FLK-106,87.TGTC,UKO1,43,24.9025,80.53104,,OFAV,H,3993,9/23/15,14:42,106,TRUE
FLK-111,88.ACCA,UKO1,40,24.9025,80.53104,,OFAV,PB,3901,9/23/15,14:42,111,TRUE
FLK-110,88.AGAC,UKO1,42,24.9025,80.53104,,OFAV,PB,3161,9/23/15,14:42,110,TRUE
FLK-112,88.AGTG,UKO1,41,24.9025,80.53104,,OFAV,PB,3902,9/23/15,14:42,112,TRUE
FLK-113,88.CATC,UKO1,42,24.9025,80.53104,,OFAV,P,3111,9/23/15,14:42,113,TRUE
FLK-117,88.CTAC,UKO1,37,24.9025,80.53104,,OFAV,P,3138,9/23/15,14:42,117,TRUE
FLK-118,88.GACT,UKO1,38,24.9025,80.53104,,OFAV,H,3679,9/23/15,14:42,118,TRUE
FLK-116,88.GCTT,UKO1,39,24.9025,80.53104,,OFAV,PB,3986,9/23/15,14:42,116,TRUE
FLK-114,88.GTGA,UKO1,41,24.9025,80.53104,,OFAV,H,3923,9/23/15,14:42,114,FALSE
FLK-109,88.GTGT,UKO1,43,24.9025,80.53104,,OFAV,P,3915,9/23/15,14:42,109,TRUE
FLK-118,88.TCAC,UKO1,38,24.9025,80.53104,,OFAV,H,3679,9/23/15,14:42,118,TRUE
FLK-115,88.TCAG,UKO1,41,24.9025,80.53104,,OFAV,P,3955,9/23/15,14:42,115,TRUE
FLK-118,88.TGTC,UKO1,38,24.9025,80.53104,,OFAV,H,3679,9/23/15,14:42,118,TRUE
FLK-121,89.ACCA,UKO2,20,24.9465,80.50205,Little Conch,OFAV,B,3991,9/23/15,16:20,121,TRUE
FLK-120,89.AGAC,UKO1,39,24.9025,80.53104,,OFAV,P,3165,9/23/15,14:42,120,TRUE
FLK-122,89.AGTG,UKO2,20,24.9465,80.50205,Little Conch,OFAV,B,3674,9/23/15,16:20,122,TRUE
FLK-123,89.CATC,UKO2,18,24.9465,80.50205,Little Conch,OFAV,B,3149,9/23/15,16:20,123,TRUE
FLK-127,89.CTAC,UKO2,19,24.9465,80.50205,Little Conch,OFAV,H,3920,9/23/15,16:20,127,FALSE
FLK-130,89.GACT,UKO2,19,24.9465,80.50205,Little Conch,OFAV,B,3128,9/23/15,16:20,130,TRUE
FLK-126,89.GCTT,UKO2,18,24.9465,80.50205,Little Conch,OFAV,B,3958,9/23/15,16:20,126,TRUE
FLK-124,89.GTGA,UKO2,18,24.9465,80.50205,Little Conch,OFAV,B,3694,9/23/15,16:20,124,TRUE
FLK-119,89.GTGT,UKO1,36,24.9025,80.53104,,OFAV,P,3936,9/23/15,14:42,119,TRUE
FLK-129,89.TCAC,UKO2,15,24.9465,80.50205,Little Conch,OFAV,B,3676,9/23/15,16:20,129,TRUE
FLK-125,89.TCAG,UKO2,18,24.9465,80.50205,Little Conch,OFAV,B,3129,9/23/15,16:20,125,TRUE
FLK-128,89.TGTC,UKO2,16,24.9465,80.50205,Little Conch,OFAV,B,3918,9/23/15,16:20,128,TRUE
FLK-133,90.ACCA,UKO2,19,24.9465,80.50205,Little Conch,OFAV,B,3989,9/23/15,16:20,133,TRUE
FLK-132,90.AGAC,UKO2,18,24.9465,80.50205,Little Conch,OFAV,PB,3667,9/23/15,16:20,132,TRUE
FLK-134,90.AGTG,UKO2,18,24.9465,80.50205,Little Conch,OFAV,B,3130,9/23/15,16:20,134,TRUE
FLK-135,90.CATC,UKO2,19,24.9465,80.50205,Little Conch,OFAV,PB,3691,9/23/15,16:20,135,TRUE
FLK-139,90.CTAC,UKO2,19,24.9465,80.50205,Little Conch,OFAV,B,3922,9/23/15,16:20,139,TRUE
FLK-142,90.GACT,UKO3,39,24.88266,80.56088,,OFAV,B,3984,9/24/15,9:30,142,TRUE
FLK-138,90.GCTT,UKO2,19,24.9465,80.50205,Little Conch,OFAV,PB,3921,9/23/15,16:20,138,TRUE
FLK-136,90.GTGA,UKO2,20,24.9465,80.50205,Little Conch,OFAV,B,3698,9/23/15,16:20,136,TRUE
FLK-131,90.GTGT,UKO2,18,24.9465,80.50205,Little Conch,OFAV,B,3927,9/23/15,16:20,131,TRUE
FLK-141,90.TCAC,UKO3,37,24.88266,80.56088,,OFAV,PB,3147,9/24/15,9:30,141,TRUE
FLK-137,90.TCAG,UKO2,20,24.9465,80.50205,Little Conch,OFAV,B,3154,9/23/15,16:20,137,TRUE
FLK-140,90.TGTC,UKO2,18,24.9465,80.50205,Little Conch,OFAV,H,3917,9/23/15,16:20,140,TRUE
FLK-145,91.ACCA,UKO3,36,24.88266,80.56088,,OFAV,B,3681,9/24/15,9:30,145,TRUE
FLK-144,91.AGAC,UKO3,36,24.88266,80.56088,,OFAV,H,3146,9/24/15,9:30,144,TRUE
FLK-146,91.AGTG,UKO3,38,24.88266,80.56088,,OFAV,H,3980,9/24/15,9:30,146,TRUE
FLK-147,91.CATC,UKO3,39,24.88266,80.56088,,OFAV,B,3907,9/24/15,9:30,147,FALSE
FLK-151,91.CTAC,UKO3,40,24.88266,80.56088,,OFAV,PB,3126,9/24/15,9:30,151,TRUE
FLK-152,91.GACT,UKO3,40,24.88266,80.56088,,OFAV,PB,3981,9/24/15,9:30,152,TRUE
FLK-150,91.GCTT,UKO3,42,24.88266,80.56088,,OFAV,H,3669,9/24/15,9:30,150,TRUE
FLK-148,91.GTGA,UKO3,39,24.88266,80.56088,,OFAV,H,3131,9/24/15,9:30,148,FALSE
FLK-143,91.GTGT,UKO3,40,24.88266,80.56088,,OFAV,B,3188,9/24/15,9:30,143,TRUE
FLK-152,91.TCAC,UKO3,40,24.88266,80.56088,,OFAV,PB,3981,9/24/15,9:30,152,TRUE
FLK-149,91.TCAG,UKO3,40,24.88266,80.56088,,OFAV,B,3990,9/24/15,9:30,149,TRUE
FLK-152,91.TGTC,UKO3,40,24.88266,80.56088,,OFAV,PB,3981,9/24/15,9:30,152,TRUE
FLK-155,92.ACCA,UKO3,40,24.88266,80.56088,,OFAV,PB,3959,9/24/15,9:30,155,TRUE
FLK-154,92.AGAC,UKO3,41,24.88266,80.56088,,OFAV,H,3965,9/24/15,9:30,154,TRUE
FLK-156,92.AGTG,UKO3,41,24.88266,80.56088,,OFAV,PB,3117,9/24/15,9:30,156,TRUE
FLK-158,92.CATC,UKO3,38,24.88266,80.56088,,OFAV,PB,3995,9/24/15,9:30,158,TRUE
FLK-162,92.CTAC,UKI2,11,24.95375,80.54806,,OFAV,H,3112,9/24/15,11:30,162,TRUE
FLK-165,92.GACT,UKI2,8,24.95375,80.54806,,OFAV,H,3101,9/24/15,11:30,165,TRUE
FLK-161,92.GCTT,UKI2,9,24.95375,80.54806,,OFAV,H,3972,9/24/15,11:30,161,TRUE
FLK-159,92.GTGA,UKO3,38,24.88266,80.56088,,OFAV,B,3135,9/24/15,9:30,159,TRUE
FLK-153,92.GTGT,UKO3,40,24.88266,80.56088,,OFAV,PB,3966,9/24/15,9:30,153,TRUE
FLK-164,92.TCAC,UKI2,11,24.95375,80.54806,,OFAV,H,3949,9/24/15,11:30,164,TRUE
FLK-160,92.TCAG,UKO3,36,24.88266,80.56088,,OFAV,B,3910,9/24/15,9:30,160,TRUE
FLK-163,92.TGTC,UKI2,5,24.95375,80.54806,,OFAV,H,3988,9/24/15,11:30,163,TRUE
FLK-168,93.ACCA,UKI2,7,24.95375,80.54806,,OFAV,H,3908,9/24/15,11:30,168,TRUE
FLK-167,93.AGAC,UKI2,11,24.95375,80.54806,,OFAV,H,3935,9/24/15,11:30,167,TRUE
FLK-169,93.AGTG,UKI2,9,24.95375,80.54806,,OFAV,H,3135,9/24/15,11:30,169,TRUE
FLK-170,93.CATC,UKI2,11,24.95375,80.54806,,OFAV,H,3975,9/24/15,11:30,170,TRUE
FLK-174,93.CTAC,UKI2,5,24.95375,80.54806,,OFAV,H,3985,9/24/15,11:30,174,TRUE
FLK-177,93.GACT,UKI2,6,24.95375,80.54806,,OFAV,H,3932,9/24/15,11:30,177,TRUE
FLK-173,93.GCTT,UKI2,9,24.95375,80.54806,,OFAV,H,3906,9/24/15,11:30,173,TRUE
FLK-171,93.GTGA,UKI2,8,24.95375,80.54806,,OFAV,H,3905,9/24/15,11:30,171,TRUE
FLK-166,93.GTGT,UKI2,10,24.95375,80.54806,,OFAV,H,3139,9/24/15,11:30,166,TRUE
FLK-176,93.TCAC,UKI2,4,24.95375,80.54806,,OFAV,H,3148,9/24/15,11:30,176,TRUE
FLK-172,93.TCAG,UKI2,8,24.95375,80.54806,,OFAV,H,3943,9/24/15,11:30,172,TRUE
FLK-175,93.TGTC,UKI2,4,24.95375,80.54806,,OFAV,H,3105,9/24/15,11:30,175,TRUE
FLK-180,94.ACCA,UKI2,10,24.95375,80.54806,,OFAV,H,3110,9/24/15,11:30,180,TRUE
FLK-179,94.AGAC,UKI2,10,24.95375,80.54806,,OFAV,H,3109,9/24/15,11:30,179,TRUE
FLK-181,94.AGTG,UKI3,9,24.94282,80.55396,,OFAV,H,3140,9/24/15,2:32,181,TRUE
FLK-182,94.CATC,UKI3,11,24.94282,80.55396,,OFAV,H,3992,9/24/15,2:32,182,TRUE
FLK-186,94.CTAC,UKI3,10,24.94282,80.55396,,OFAV,H,3164,9/24/15,2:32,186,TRUE
FLK-189,94.GACT,UKI3,10,24.94282,80.55396,,OFAV,H,3969,9/24/15,2:32,189,TRUE
FLK-185,94.GCTT,UKI3,12,24.94282,80.55396,,OFAV,H,3963,9/24/15,2:32,185,TRUE
FLK-183,94.GTGA,UKI3,12,24.94282,80.55396,,OFAV,P,3985,9/24/15,2:32,183,TRUE
FLK-178,94.GTGT,UKI2,9,24.95375,80.54806,,OFAV,H,3152,9/24/15,11:30,178,TRUE
FLK-188,94.TCAC,UKI3,15,24.94282,80.55396,,OFAV,H,3971,9/24/15,2:32,188,TRUE
FLK-184,94.TCAG,UKI3,12,24.94282,80.55396,,OFAV,P,3156,9/24/15,2:32,184,TRUE
FLK-187,94.TGTC,UKI3,12,24.94282,80.55396,,OFAV,H,3150,9/24/15,2:32,187,TRUE